Tweets,Subjectivity,Polarity,Analysis
": Deep Learning and Computer Vision A-Zâ„¢: OpenCV, SSD &amp; GANs =&gt; https://t.co/2thaR65o7L
     
ARTIFICIALINTELLIGENCE Dataâ€¦",0.4,0.0,Neutral
": Deep Learning and Computer Vision A-Zâ„¢: OpenCV, SSD &amp; GANs =&gt; https://t.co/2thaR65o7L
     
ARTIFICIALINTELLIGENCE Dataâ€¦",0.4,0.0,Neutral
": Deep Learning and Computer Vision A-Zâ„¢: OpenCV, SSD &amp; GANs =&gt; https://t.co/2thaR65o7L
     
ARTIFICIALINTELLIGENCE Dataâ€¦",0.4,0.0,Neutral
": Deep Learning and Computer Vision A-Zâ„¢: OpenCV, SSD &amp; GANs =&gt; https://t.co/2thaR65o7L
     
ARTIFICIALINTELLIGENCE Dataâ€¦",0.4,0.0,Neutral
": Deep Learning and Computer Vision A-Zâ„¢: OpenCV, SSD &amp; GANs =&gt; https://t.co/2thaR65o7L
     
ARTIFICIALINTELLIGENCE Dataâ€¦",0.4,0.0,Neutral
": ArtificialIntelligence A-Zâ„¢: Learn How To Build An AI =&gt; https://t.co/xXSG9P6Xmq
     
DataScience Serverless Linux â€¦",0.0,0.0,Neutral
": ArtificialIntelligence A-Zâ„¢: Learn How To Build An AI =&gt; https://t.co/xXSG9P6Xmq
     
DataScience Serverless Linux â€¦",0.0,0.0,Neutral
": Deep Learning and Computer Vision A-Zâ„¢: OpenCV, SSD &amp; GANs =&gt; https://t.co/2thaR65o7L
     
ARTIFICIALINTELLIGENCE Dataâ€¦",0.4,0.0,Neutral
": Deep Learning and Computer Vision A-Zâ„¢: OpenCV, SSD &amp; GANs =&gt; https://t.co/2thaR65o7L
     
ARTIFICIALINTELLIGENCE Dataâ€¦",0.4,0.0,Neutral
": Deep Learning and Computer Vision A-Zâ„¢: OpenCV, SSD &amp; GANs =&gt; https://t.co/2thaR65o7L
     
ARTIFICIALINTELLIGENCE Dataâ€¦",0.4,0.0,Neutral
": Deep Learning and Computer Vision A-Zâ„¢: OpenCV, SSD &amp; GANs =&gt; https://t.co/2thaR65o7L
     
ARTIFICIALINTELLIGENCE Dataâ€¦",0.4,0.0,Neutral
": Deep Learning and Computer Vision A-Zâ„¢: OpenCV, SSD &amp; GANs =&gt; https://t.co/2thaR65o7L
     
ARTIFICIALINTELLIGENCE Dataâ€¦",0.4,0.0,Neutral
": Deep Learning and Computer Vision A-Zâ„¢: OpenCV, SSD &amp; GANs =&gt; https://t.co/2thaR65o7L
     
ARTIFICIALINTELLIGENCE Dataâ€¦",0.4,0.0,Neutral
": Deep Learning and Computer Vision A-Zâ„¢: OpenCV, SSD &amp; GANs =&gt; https://t.co/2thaR65o7L
     
ARTIFICIALINTELLIGENCE Dataâ€¦",0.4,0.0,Neutral
": Deep Learning and Computer Vision A-Zâ„¢: OpenCV, SSD &amp; GANs =&gt; https://t.co/2thaR65o7L
     
ARTIFICIALINTELLIGENCE Dataâ€¦",0.4,0.0,Neutral
"Deep Learning and Computer Vision A-Zâ„¢: OpenCV, SSD &amp; GANs =&gt; https://t.co/2thaR65o7L
     
ARTIFICIALINTELLIGENCEâ€¦ https://t.co/4MmSXZ9tth",0.4,0.0,Neutral
": ArtificialIntelligence A-Zâ„¢: Learn How To Build An AI =&gt; https://t.co/xXSG9P6Xmq
     
DataScience Serverless Linux â€¦",0.0,0.0,Neutral
": UDEMY ONLINE COURSES
The Complete Web Developer in 2020: Zero to Mastery
Skills to apply for jobs like:
WebDeveloper
Soâ€¦",0.4,0.1,Positive
": ArtificialIntelligence A-Zâ„¢: Learn How To Build An AI =&gt; https://t.co/xXSG9P6Xmq
     
DataScience Serverless Linux â€¦",0.0,0.0,Neutral
": ArtificialIntelligence A-Zâ„¢: Learn How To Build An AI =&gt; https://t.co/xXSG9P6Xmq
     
DataScience Serverless Linux â€¦",0.0,0.0,Neutral
"ArtificialIntelligence A-Zâ„¢: Learn How To Build An AI =&gt; https://t.co/xXSG9P6Xmq
     
DataScience Serverlessâ€¦ https://t.co/FS88agoP8K",0.0,0.0,Neutral
": UDEMY ONLINE COURSES
The Complete Web Developer in 2020: Zero to Mastery
Skills to apply for jobs like:
WebDeveloper
Soâ€¦",0.4,0.1,Positive
": DeepLearning: Advanced NLP and RNNs | Udemy

=&gt; https://t.co/W421WZZaMn

100daysofcode DataScience Python RStats ReactJâ€¦",0.6,0.4,Positive
": DeepLearning: Advanced NLP and RNNs | Udemy

=&gt; https://t.co/W421WZZaMn

100daysofcode DataScience Python RStats ReactJâ€¦",0.6,0.4,Positive
"**Big price drop, bigger skill boost. 

Save up to 90% on Udemy courses for Cyber Week.

End Date: 04/12/2020â€¦ https://t.co/nKV8uEE9fM",0.3,0.0,Neutral
": FREE  FREE FREE Practice Tests for Terraform Associate Certification on Udemy.

Use following link to enroll.
(valid fâ€¦",0.6250000000000001,0.30000000000000004,Positive
": FREE  FREE FREE Practice Tests for Terraform Associate Certification on Udemy.

Use following link to enroll.
(valid fâ€¦",0.6250000000000001,0.30000000000000004,Positive
": UDEMY ONLINE COURSES
The Complete Web Developer in 2020: Zero to Mastery
Skills to apply for jobs like:
WebDeveloper
Soâ€¦",0.4,0.1,Positive
"FREE  FREE FREE Practice Tests for Terraform Associate Certification on Udemy.

Use following link to enroll.
(valiâ€¦ https://t.co/sKgRgNHu7Q",0.6250000000000001,0.30000000000000004,Positive
"Essentials for Healthcare Professionals: Problem Solving  
1.5 hours | 463 students  | September 2020 release 

ðŸ†“ Lâ€¦ https://t.co/GsqBhaT0le",0.0,0.0,Neutral
": DeepLearning: Advanced NLP and RNNs | Udemy

=&gt; https://t.co/W421WZZaMn

100daysofcode DataScience Python RStats ReactJâ€¦",0.6,0.4,Positive
": DeepLearning: Advanced NLP and RNNs | Udemy

=&gt; https://t.co/W421WZZaMn

100daysofcode DataScience Python RStats ReactJâ€¦",0.6,0.4,Positive
": UDEMY ONLINE COURSES
The Complete Web Developer in 2020: Zero to Mastery
Skills to apply for jobs like:
WebDeveloper
Soâ€¦",0.4,0.1,Positive
": UDEMY ONLINE COURSES
The Complete Web Developer in 2020: Zero to Mastery
Skills to apply for jobs like:
WebDeveloper
Soâ€¦",0.4,0.1,Positive
": UDEMY ONLINE COURSES
The Complete Web Developer in 2020: Zero to Mastery
Skills to apply for jobs like:
WebDeveloper
Soâ€¦",0.4,0.1,Positive
": UDEMY ONLINE COURSES
The Complete Web Developer in 2020: Zero to Mastery
Skills to apply for jobs like:
WebDeveloper
Soâ€¦",0.4,0.1,Positive
": UDEMY ONLINE COURSES
The Complete Web Developer in 2020: Zero to Mastery
Skills to apply for jobs like:
WebDeveloper
Soâ€¦",0.4,0.1,Positive
": DeepLearning: Advanced NLP and RNNs | Udemy

=&gt; https://t.co/W421WZZaMn

100daysofcode DataScience Python RStats ReactJâ€¦",0.6,0.4,Positive
": DeepLearning: Advanced NLP and RNNs | Udemy

=&gt; https://t.co/W421WZZaMn

100daysofcode DataScience Python RStats ReactJâ€¦",0.6,0.4,Positive
": DeepLearning: Advanced NLP and RNNs | Udemy

=&gt; https://t.co/W421WZZaMn

100daysofcode DataScience Python RStats ReactJâ€¦",0.6,0.4,Positive
": UDEMY ONLINE COURSES
The Complete Web Developer in 2020: Zero to Mastery
Skills to apply for jobs like:
WebDeveloper
Soâ€¦",0.4,0.1,Positive
": UDEMY ONLINE COURSES
The Complete Web Developer in 2020: Zero to Mastery
Skills to apply for jobs like:
WebDeveloper
Soâ€¦",0.4,0.1,Positive
": UDEMY ONLINE COURSES
The Complete Web Developer in 2020: Zero to Mastery
Skills to apply for jobs like:
WebDeveloper
Soâ€¦",0.4,0.1,Positive
": UDEMY ONLINE COURSES
The Complete Web Developer in 2020: Zero to Mastery
Skills to apply for jobs like:
WebDeveloper
Soâ€¦",0.4,0.1,Positive
": UDEMY ONLINE COURSES
The Complete Web Developer in 2020: Zero to Mastery
Skills to apply for jobs like:
WebDeveloper
Soâ€¦",0.4,0.1,Positive
"UDEMY ONLINE COURSES
The Complete Web Developer in 2020: Zero to Mastery
Skills to apply for jobs like:â€¦ https://t.co/iKbND5AUET",0.4,0.1,Positive
": DeepLearning: Advanced NLP and RNNs | Udemy

=&gt; https://t.co/W421WZZaMn

100daysofcode DataScience Python RStats ReactJâ€¦",0.6,0.4,Positive
"60 minutes to Total Transformation of Students  
1 hour | 3341 students  | August 2020 release 

ðŸ†“ LINK =&gt;â€¦ https://t.co/8TFP6lydUv",0.75,0.0,Neutral
"Tienda virtual de Software en WordPress y Woocommerce  
2 hours | 12789 students  | June 2020 release 

ðŸ†“ LINK =&gt;â€¦ https://t.co/fJvFjFWNhD",0.0,0.0,Neutral
": Master Laravel for Beginners &amp; Intermediate [2020 Update]

=&gt; https://t.co/pc5DWE1ylA

Udemy 100daysofcode python python3â€¦",0.0,0.0,Neutral
": Master Laravel for Beginners &amp; Intermediate [2020 Update]

=&gt; https://t.co/pc5DWE1ylA

Udemy 100daysofcode python python3â€¦",0.0,0.0,Neutral
": MERN React Node Next.js Multi User SEO Blogging Platform 

=&gt; https://t.co/6IgOwDFAEF
     
React Django WebDevelopmeâ€¦",0.0,0.0,Neutral
"Projelere  DoyamayacaksÄ±nÄ±z (PHP -PDO-HTML-MySQL-CSS-JS)  
22 hours | 21046 students  | July 2020 release 

ðŸ†“ LINKâ€¦ https://t.co/p9i9LdUh7G",0.0,0.0,Neutral
": DeepLearning: Advanced NLP and RNNs | Udemy

=&gt; https://t.co/W421WZZaMn

100daysofcode DataScience Python RStats ReactJâ€¦",0.6,0.4,Positive
": DeepLearning: Advanced NLP and RNNs | Udemy

=&gt; https://t.co/W421WZZaMn

100daysofcode DataScience Python RStats ReactJâ€¦",0.6,0.4,Positive
"Options Trading The Essential Guide To Profitability  
7 hours | 7711 students  | November 2020 release 

ðŸ†“ LINK =&gt;â€¦ https://t.co/Pds1oluxXt",0.3,0.0,Neutral
": Master Laravel for Beginners &amp; Intermediate [2020 Update]

=&gt; https://t.co/pc5DWE1ylA

Udemy 100daysofcode python python3â€¦",0.0,0.0,Neutral
": DeepLearning: Advanced NLP and RNNs | Udemy

=&gt; https://t.co/W421WZZaMn

100daysofcode DataScience Python RStats ReactJâ€¦",0.6,0.4,Positive
": DeepLearning: Advanced NLP and RNNs | Udemy

=&gt; https://t.co/W421WZZaMn

100daysofcode DataScience Python RStats ReactJâ€¦",0.6,0.4,Positive
": Master Laravel for Beginners &amp; Intermediate [2020 Update]

=&gt; https://t.co/pc5DWE1ylA

Udemy 100daysofcode python python3â€¦",0.0,0.0,Neutral
": Master Laravel for Beginners &amp; Intermediate [2020 Update]

=&gt; https://t.co/pc5DWE1ylA

Udemy 100daysofcode python python3â€¦",0.0,0.0,Neutral
": DeepLearning: Advanced NLP and RNNs | Udemy

=&gt; https://t.co/W421WZZaMn

100daysofcode DataScience Python RStats ReactJâ€¦",0.6,0.4,Positive
": DeepLearning: Advanced NLP and RNNs | Udemy

=&gt; https://t.co/W421WZZaMn

100daysofcode DataScience Python RStats ReactJâ€¦",0.6,0.4,Positive
": Master Laravel for Beginners &amp; Intermediate [2020 Update]

=&gt; https://t.co/pc5DWE1ylA

Udemy 100daysofcode python python3â€¦",0.0,0.0,Neutral
": Master Laravel for Beginners &amp; Intermediate [2020 Update]

=&gt; https://t.co/pc5DWE1ylA

Udemy 100daysofcode python python3â€¦",0.0,0.0,Neutral
": DeepLearning: Advanced NLP and RNNs | Udemy

=&gt; https://t.co/W421WZZaMn

100daysofcode DataScience Python RStats ReactJâ€¦",0.6,0.4,Positive
": DeepLearning: Advanced NLP and RNNs | Udemy

=&gt; https://t.co/W421WZZaMn

100daysofcode DataScience Python RStats ReactJâ€¦",0.6,0.4,Positive
": DeepLearning: Advanced NLP and RNNs | Udemy

=&gt; https://t.co/W421WZZaMn

100daysofcode DataScience Python RStats ReactJâ€¦",0.6,0.4,Positive
": DeepLearning: Advanced NLP and RNNs | Udemy

=&gt; https://t.co/W421WZZaMn

100daysofcode DataScience Python RStats ReactJâ€¦",0.6,0.4,Positive
": DeepLearning: Advanced NLP and RNNs | Udemy

=&gt; https://t.co/W421WZZaMn

100daysofcode DataScience Python RStats ReactJâ€¦",0.6,0.4,Positive
": DeepLearning: Advanced NLP and RNNs | Udemy

=&gt; https://t.co/W421WZZaMn

100daysofcode DataScience Python RStats ReactJâ€¦",0.6,0.4,Positive
": DeepLearning: Advanced NLP and RNNs | Udemy

=&gt; https://t.co/W421WZZaMn

100daysofcode DataScience Python RStats ReactJâ€¦",0.6,0.4,Positive
": DeepLearning: Advanced NLP and RNNs | Udemy

=&gt; https://t.co/W421WZZaMn

100daysofcode DataScience Python RStats ReactJâ€¦",0.6,0.4,Positive
": DeepLearning: Advanced NLP and RNNs | Udemy

=&gt; https://t.co/W421WZZaMn

100daysofcode DataScience Python RStats ReactJâ€¦",0.6,0.4,Positive
"DeepLearning: Advanced NLP and RNNs | Udemy

=&gt; https://t.co/W421WZZaMn

100daysofcode DataScience Pythonâ€¦ https://t.co/7IC1S0wF2M",0.6,0.4,Positive
": Master Laravel for Beginners &amp; Intermediate [2020 Update]

=&gt; https://t.co/pc5DWE1ylA

Udemy 100daysofcode python python3â€¦",0.0,0.0,Neutral
": Master Laravel for Beginners &amp; Intermediate [2020 Update]

=&gt; https://t.co/pc5DWE1ylA

Udemy 100daysofcode python python3â€¦",0.0,0.0,Neutral
": Master Laravel for Beginners &amp; Intermediate [2020 Update]

=&gt; https://t.co/pc5DWE1ylA

Udemy 100daysofcode python python3â€¦",0.0,0.0,Neutral
": Master Laravel for Beginners &amp; Intermediate [2020 Update]

=&gt; https://t.co/pc5DWE1ylA

Udemy 100daysofcode python python3â€¦",0.0,0.0,Neutral
"Master Laravel for Beginners &amp; Intermediate [2020 Update]

=&gt; https://t.co/pc5DWE1ylA

Udemy 100daysofcodeâ€¦ https://t.co/QwX4TJIjXK",0.0,0.0,Neutral
": Intro to DataScience: Your Step-by-Step Guide To Starting | Course

=&gt; https://t.co/vVKHYCpZMy

DataScience Python Machâ€¦",0.1,0.0,Neutral
": Intro to DataScience: Your Step-by-Step Guide To Starting | Course

=&gt; https://t.co/vVKHYCpZMy

DataScience Python Machâ€¦",0.1,0.0,Neutral
": Intro to DataScience: Your Step-by-Step Guide To Starting | Course

=&gt; https://t.co/vVKHYCpZMy

DataScience Python Machâ€¦",0.1,0.0,Neutral
": UDEMY ONLINE COURSES
The Complete Web Developer in 2020: Zero to Mastery
Skills to apply for jobs like:
WebDeveloper
Soâ€¦",0.4,0.1,Positive
"Automate the boring stuff using Java Programming  
3 hours | 5124 students  | November 2020 release 

ðŸ†“ LINK =&gt;â€¦ https://t.co/IfQ0mFHv7I",1.0,-1.0,Negative
"Understanding Wordpress - Learn The Basics of Wordpress!  
1 hour | 149 students  

ðŸ†“ LINK =&gt;â€¦ https://t.co/V8sT9VDfKn",0.0,0.0,Neutral
": Coupons Discount - Svelte.js - The Complete Guide (incl. Sapper.js) Courses -&gt; https://t.co/iX5qsVfnZc

udemy Free webdeveâ€¦",0.6000000000000001,0.25,Positive
": Coupons Discount - Svelte.js - The Complete Guide (incl. Sapper.js) Courses -&gt; https://t.co/iX5qsVfnZc

udemy Free webdeveâ€¦",0.6000000000000001,0.25,Positive
"The Complete Reiki Course: 30+ Hours of Secrets from A to Z  
31 hours | 8251 students  | November 2020 release 

ðŸ†“â€¦ https://t.co/Cyt3i4Kng6",0.4,0.1,Positive
": Day 5 / 100DaysOfCode Python
Created a password generator using for loops and lists. Iâ€™m still thinking in C++ syntax hereâ€¦",0.0,0.0,Neutral
": Intro to DataScience: Your Step-by-Step Guide To Starting | Course

=&gt; https://t.co/vVKHYCpZMy

DataScience Python Machâ€¦",0.1,0.0,Neutral
": Online Courses - Top Python and Django Web Development Bundle! -&gt; https://t.co/m5tgRBURIN

100DaysOfCode html5 NodeJs â€¦",0.5,0.625,Positive
": Online Courses - Top Python and Django Web Development Bundle! -&gt; https://t.co/m5tgRBURIN

100DaysOfCode html5 NodeJs â€¦",0.5,0.625,Positive
"Emotional Intelligence Master Class: Complete CERTIFICATION  
18.5 hours | 62 students  | November 2020 release 

ðŸ†“â€¦ https://t.co/73XDgyNk1o",0.525,0.05,Positive
"Blissful Real Estate Investing  
3.5 hours | 9703 students  | September 2019 release 

ðŸ†“ LINK =&gt;â€¦ https://t.co/l46dTssB0f",0.30000000000000004,0.2,Positive
"Plan Your Success. Vision and Goal Setting Systems That Work  
2 hours | 18966 students  | June 2020 release 

ðŸ†“ LIâ€¦ https://t.co/uGKxpnvDr0",0.0,0.3,Positive
": UDEMY ONLINE COURSES
The Complete Web Developer in 2020: Zero to Mastery
Skills to apply for jobs like:
WebDeveloper
Soâ€¦",0.4,0.1,Positive
": Day 5 / 100DaysOfCode Python
Created a password generator using for loops and lists. Iâ€™m still thinking in C++ syntax hereâ€¦",0.0,0.0,Neutral
": Day 5 / 100DaysOfCode Python
Created a password generator using for loops and lists. Iâ€™m still thinking in C++ syntax hereâ€¦",0.0,0.0,Neutral
": Day 5 / 100DaysOfCode Python
Created a password generator using for loops and lists. Iâ€™m still thinking in C++ syntax hereâ€¦",0.0,0.0,Neutral
